day_of_week_number,day_of_week_name,checkin_hour,hour_block,checkin_count,pct_of_all_checkins,busiest_rank
1,Sunday,0,00:00-00:59,166963,1.961,1
1,Sunday,1,01:00-01:59,144941,1.702,5
1,Sunday,2,02:00-02:59,109956,1.291,21
1,Sunday,3,03:00-03:59,74337,0.873,50
1,Sunday,4,04:00-04:59,45767,0.537,84
1,Sunday,5,05:00-05:59,27117,0.318,96
1,Sunday,6,06:00-06:59,15095,0.177,114
1,Sunday,7,07:00-07:59,8436,0.099,125
1,Sunday,8,08:00-08:59,4531,0.053,138
1,Sunday,9,09:00-09:59,2603,0.031,151
1,Sunday,10,10:00-10:59,2269,0.027,156
1,Sunday,11,11:00-11:59,4002,0.047,141
1,Sunday,12,12:00-12:59,11021,0.129,123
1,Sunday,13,13:00-13:59,25854,0.304,99
1,Sunday,14,14:00-14:59,46938,0.551,82
1,Sunday,15,15:00-15:59,77796,0.914,45
1,Sunday,16,16:00-16:59,114323,1.343,18
1,Sunday,17,17:00-17:59,135601,1.592,10
1,Sunday,18,18:00-18:59,132688,1.558,11
1,Sunday,19,19:00-19:59,115200,1.353,16
1,Sunday,20,20:00-20:59,98916,1.162,30
1,Sunday,21,21:00-21:59,97974,1.151,31
1,Sunday,22,22:00-22:59,104436,1.226,26
1,Sunday,23,23:00-23:59,108412,1.273,22
2,Monday,0,00:00-00:59,96819,1.137,32
2,Monday,1,01:00-01:59,72905,0.856,53
2,Monday,2,02:00-02:59,48822,0.573,79
2,Monday,3,03:00-03:59,29929,0.351,94
2,Monday,4,04:00-04:59,15913,0.187,110
2,Monday,5,05:00-05:59,8091,0.095,126
2,Monday,6,06:00-06:59,4131,0.049,139
2,Monday,7,07:00-07:59,2489,0.029,153
2,Monday,8,08:00-08:59,1633,0.019,161
2,Monday,9,09:00-09:59,1432,0.017,165
2,Monday,10,10:00-10:59,2750,0.032,150
2,Monday,11,11:00-11:59,5856,0.069,135
2,Monday,12,12:00-12:59,10437,0.123,124
2,Monday,13,13:00-13:59,15511,0.182,113
2,Monday,14,14:00-14:59,21050,0.247,102
2,Monday,15,15:00-15:59,34796,0.409,89
2,Monday,16,16:00-16:59,63187,0.742,63
2,Monday,17,17:00-17:59,75955,0.892,48
2,Monday,18,18:00-18:59,70087,0.823,57
2,Monday,19,19:00-19:59,60656,0.712,67
2,Monday,20,20:00-20:59,52369,0.615,75
2,Monday,21,21:00-21:59,56008,0.658,71
2,Monday,22,22:00-22:59,73351,0.861,52
2,Monday,23,23:00-23:59,88874,1.044,36
3,Tuesday,0,00:00-00:59,86471,1.015,37
3,Tuesday,1,01:00-01:59,67963,0.798,59
3,Tuesday,2,02:00-02:59,45995,0.54,83
3,Tuesday,3,03:00-03:59,26650,0.313,97
3,Tuesday,4,04:00-04:59,14085,0.165,116
3,Tuesday,5,05:00-05:59,7120,0.084,131
3,Tuesday,6,06:00-06:59,3624,0.043,144
3,Tuesday,7,07:00-07:59,2081,0.024,158
3,Tuesday,8,08:00-08:59,1335,0.016,167
3,Tuesday,9,09:00-09:59,1328,0.016,168
3,Tuesday,10,10:00-10:59,3035,0.036,149
3,Tuesday,11,11:00-11:59,6460,0.076,134
3,Tuesday,12,12:00-12:59,11681,0.137,121
3,Tuesday,13,13:00-13:59,15562,0.183,112
3,Tuesday,14,14:00-14:59,19227,0.226,106
3,Tuesday,15,15:00-15:59,32500,0.382,92
3,Tuesday,16,16:00-16:59,62564,0.735,65
3,Tuesday,17,17:00-17:59,73846,0.867,51
3,Tuesday,18,18:00-18:59,65079,0.764,62
3,Tuesday,19,19:00-19:59,55514,0.652,73
3,Tuesday,20,20:00-20:59,48552,0.57,80
3,Tuesday,21,21:00-21:59,54961,0.645,74
3,Tuesday,22,22:00-22:59,80113,0.941,42
3,Tuesday,23,23:00-23:59,101175,1.188,27
4,Wednesday,0,00:00-00:59,99086,1.164,29
4,Wednesday,1,01:00-01:59,77641,0.912,46
4,Wednesday,2,02:00-02:59,51272,0.602,77
4,Wednesday,3,03:00-03:59,29941,0.352,93
4,Wednesday,4,04:00-04:59,15657,0.184,111
4,Wednesday,5,05:00-05:59,7801,0.092,128
4,Wednesday,6,06:00-06:59,3731,0.044,143
4,Wednesday,7,07:00-07:59,2213,0.026,157
4,Wednesday,8,08:00-08:59,1400,0.016,166
4,Wednesday,9,09:00-09:59,1443,0.017,164
4,Wednesday,10,10:00-10:59,3082,0.036,148
4,Wednesday,11,11:00-11:59,6809,0.08,133
4,Wednesday,12,12:00-12:59,12632,0.148,119
4,Wednesday,13,13:00-13:59,16528,0.194,109
4,Wednesday,14,14:00-14:59,20373,0.239,105
4,Wednesday,15,15:00-15:59,33289,0.391,90
4,Wednesday,16,16:00-16:59,65335,0.767,61
4,Wednesday,17,17:00-17:59,76601,0.9,47
4,Wednesday,18,18:00-18:59,66945,0.786,60
4,Wednesday,19,19:00-19:59,56568,0.664,70
4,Wednesday,20,20:00-20:59,49399,0.58,78
4,Wednesday,21,21:00-21:59,58850,0.691,69
4,Wednesday,22,22:00-22:59,85379,1.003,38
4,Wednesday,23,23:00-23:59,108294,1.272,23
5,Thursday,0,00:00-00:59,106322,1.249,25
5,Thursday,1,01:00-01:59,83800,0.984,40
5,Thursday,2,02:00-02:59,55793,0.655,72
5,Thursday,3,03:00-03:59,32824,0.385,91
5,Thursday,4,04:00-04:59,17283,0.203,107
5,Thursday,5,05:00-05:59,8075,0.095,127
5,Thursday,6,06:00-06:59,3993,0.047,142
5,Thursday,7,07:00-07:59,2294,0.027,155
5,Thursday,8,08:00-08:59,1529,0.018,163
5,Thursday,9,09:00-09:59,1549,0.018,162
5,Thursday,10,10:00-10:59,3190,0.037,147
5,Thursday,11,11:00-11:59,7014,0.082,132
5,Thursday,12,12:00-12:59,12557,0.147,120
5,Thursday,13,13:00-13:59,16807,0.197,108
5,Thursday,14,14:00-14:59,20751,0.244,103
5,Thursday,15,15:00-15:59,35697,0.419,88
5,Thursday,16,16:00-16:59,68180,0.801,58
5,Thursday,17,17:00-17:59,79032,0.928,43
5,Thursday,18,18:00-18:59,70661,0.83,55
5,Thursday,19,19:00-19:59,59847,0.703,68
5,Thursday,20,20:00-20:59,52282,0.614,76
5,Thursday,21,21:00-21:59,61991,0.728,66
5,Thursday,22,22:00-22:59,89232,1.048,35
5,Thursday,23,23:00-23:59,114569,1.345,17
6,Friday,0,00:00-00:59,114164,1.341,19
6,Friday,1,01:00-01:59,92631,1.088,33
6,Friday,2,02:00-02:59,62979,0.74,64
6,Friday,3,03:00-03:59,38172,0.448,87
6,Friday,4,04:00-04:59,21174,0.249,101
6,Friday,5,05:00-05:59,11048,0.13,122
6,Friday,6,06:00-06:59,5691,0.067,136
6,Friday,7,07:00-07:59,3246,0.038,145
6,Friday,8,08:00-08:59,2006,0.024,159
6,Friday,9,09:00-09:59,1672,0.02,160
6,Friday,10,10:00-10:59,3206,0.038,146
6,Friday,11,11:00-11:59,7691,0.09,129
6,Friday,12,12:00-12:59,14509,0.17,115
6,Friday,13,13:00-13:59,20439,0.24,104
6,Friday,14,14:00-14:59,26585,0.312,98
6,Friday,15,15:00-15:59,44545,0.523,85
6,Friday,16,16:00-16:59,84156,0.988,39
6,Friday,17,17:00-17:59,100785,1.184,28
6,Friday,18,18:00-18:59,91094,1.07,34
6,Friday,19,19:00-19:59,78878,0.926,44
6,Friday,20,20:00-20:59,70145,0.824,56
6,Friday,21,21:00-21:59,83753,0.984,41
6,Friday,22,22:00-22:59,120909,1.42,14
6,Friday,23,23:00-23:59,156307,1.836,4
7,Saturday,0,00:00-00:59,166465,1.955,2
7,Saturday,1,01:00-01:59,144602,1.698,6
7,Saturday,2,02:00-02:59,106922,1.256,24
7,Saturday,3,03:00-03:59,70905,0.833,54
7,Saturday,4,04:00-04:59,42596,0.5,86
7,Saturday,5,05:00-05:59,24266,0.285,100
7,Saturday,6,06:00-06:59,13242,0.156,118
7,Saturday,7,07:00-07:59,7346,0.086,130
7,Saturday,8,08:00-08:59,4072,0.048,140
7,Saturday,9,09:00-09:59,2371,0.028,154
7,Saturday,10,10:00-10:59,2565,0.03,152
7,Saturday,11,11:00-11:59,5645,0.066,137
7,Saturday,12,12:00-12:59,14078,0.165,117
7,Saturday,13,13:00-13:59,28784,0.338,95
7,Saturday,14,14:00-14:59,47721,0.56,81
7,Saturday,15,15:00-15:59,74468,0.874,49
7,Saturday,16,16:00-16:59,112127,1.317,20
7,Saturday,17,17:00-17:59,139160,1.634,9
7,Saturday,18,18:00-18:59,143160,1.681,8
7,Saturday,19,19:00-19:59,130554,1.533,12
7,Saturday,20,20:00-20:59,117749,1.383,15
7,Saturday,21,21:00-21:59,121550,1.427,13
7,Saturday,22,22:00-22:59,143453,1.685,7
7,Saturday,23,23:00-23:59,165307,1.941,3